{
  "totalAssets": 17,
  "portfolioReturn": 0.00029174414662132194,
  "portfolioRisk": 0.01172288807395432,
  "sharpeRatio": 0.024886712624128286,
  "weights": [
    0.059182328381312425,
    0.059113173200087604,
    0.05935387854291488,
    0.059259659733624494,
    0.06081926805853154,
    0.06097232861174107,
    0.05951058685007573,
    0.059102960984919524,
    0.058756255483891975,
    0.058584417970488724,
    0.05697269434629346,
    0.05734564303858308,
    0.059102592049404,
    0.05854178583044168,
    0.05808442031509321,
    0.05803767164698485,
    0.05726033495561183
  ],
  "symbols": [
    "V",
    "MA",
    "HD",
    "LOW",
    "SO",
    "DUK",
    "XOM",
    "CVX",
    "TMO",
    "DHR",
    "ADI",
    "TXN",
    "CMCSA",
    "CHTR",
    "AMZN",
    "META",
    "PINS"
  ],
  "efficientFrontier": [
    {
      "return": -0.000944364765573816,
      "risk": 0.011793708407546384,
      "weights": [
        0.059186907986783104,
        0.059186907986783104,
        0.059186907986783104,
        0.059186907986783104,
        0.059186907986783104,
        0.059186907986783104,
        0.059186907986783104,
        0.059186907986783104,
        0.059186907986783104,
        0.059186907986783104,
        0.059186907986783104,
        0.059186907986783104,
        0.059186907986783104,
        0.059186907986783104,
        0.059186907986783104,
        0.05300947221147004,
        0.059186907986783104
      ]
    },
    {
      "return": -0.0007913630322148528,
      "risk": 0.011796590820636384,
      "weights": [
        0.059141826985438545,
        0.059141826985438545,
        0.059141826985438545,
        0.059141826985438545,
        0.059141826985438545,
        0.059141826985438545,
        0.059141826985438545,
        0.059141826985438545,
        0.059141826985438545,
        0.059141826985438545,
        0.059141826985438545,
        0.059141826985438545,
        0.059141826985438545,
        0.059141826985438545,
        0.059141826985438545,
        0.053730768232982874,
        0.059141826985438545
      ]
    },
    {
      "return": -0.0006383612988558895,
      "risk": 0.011799483596690318,
      "weights": [
        0.059096780911345376,
        0.059096780911345376,
        0.059096780911345376,
        0.059096780911345376,
        0.059096780911345376,
        0.059096780911345376,
        0.059096780911345376,
        0.059096780911345376,
        0.059096780911345376,
        0.059096780911345376,
        0.059096780911345376,
        0.059096780911345376,
        0.059096780911345376,
        0.059096780911345376,
        0.059096780911345376,
        0.05445150541847435,
        0.059096780911345376
      ]
    },
    {
      "return": -0.00048535956549692634,
      "risk": 0.01180238669894702,
      "weights": [
        0.0590517697370412,
        0.0590517697370412,
        0.0590517697370412,
        0.0590517697370412,
        0.0590517697370412,
        0.0590517697370412,
        0.0590517697370412,
        0.0590517697370412,
        0.0590517697370412,
        0.0590517697370412,
        0.0590517697370412,
        0.0590517697370412,
        0.0590517697370412,
        0.0590517697370412,
        0.0590517697370412,
        0.055171684207340387,
        0.0590517697370412
      ]
    },
    {
      "return": -0.00033235783213796317,
      "risk": 0.011805300090709268,
      "weights": [
        0.059006793435085775,
        0.059006793435085775,
        0.059006793435085775,
        0.059006793435085775,
        0.059006793435085775,
        0.059006793435085775,
        0.059006793435085775,
        0.059006793435085775,
        0.059006793435085775,
        0.059006793435085775,
        0.059006793435085775,
        0.059006793435085775,
        0.059006793435085775,
        0.059006793435085775,
        0.059006793435085775,
        0.05589130503862768,
        0.059006793435085775
      ]
    },
    {
      "return": -0.00017935609877899994,
      "risk": 0.011808223735343846,
      "weights": [
        0.05896185197806038,
        0.05896185197806038,
        0.05896185197806038,
        0.05896185197806038,
        0.05896185197806038,
        0.05896185197806038,
        0.05896185197806038,
        0.05896185197806038,
        0.05896185197806038,
        0.05896185197806038,
        0.05896185197806038,
        0.05896185197806038,
        0.05896185197806038,
        0.05896185197806038,
        0.05896185197806038,
        0.05661036835103369,
        0.05896185197806038
      ]
    },
    {
      "return": -0.000026354365420036704,
      "risk": 0.011811157596281768,
      "weights": [
        0.058916945338568304,
        0.058916945338568304,
        0.058916945338568304,
        0.058916945338568304,
        0.058916945338568304,
        0.058916945338568304,
        0.058916945338568304,
        0.058916945338568304,
        0.058916945338568304,
        0.058916945338568304,
        0.058916945338568304,
        0.058916945338568304,
        0.058916945338568304,
        0.058916945338568304,
        0.058916945338568304,
        0.05732887458290725,
        0.058916945338568304
      ]
    },
    {
      "return": 0.00012664736793892642,
      "risk": 0.011814101637018345,
      "weights": [
        0.05887207348923445,
        0.05887207348923445,
        0.05887207348923445,
        0.05887207348923445,
        0.05887207348923445,
        0.05887207348923445,
        0.05887207348923445,
        0.05887207348923445,
        0.05887207348923445,
        0.05887207348923445,
        0.05887207348923445,
        0.05887207348923445,
        0.05887207348923445,
        0.05887207348923445,
        0.05887207348923445,
        0.058046824172248726,
        0.05887207348923445
      ]
    },
    {
      "return": 0.00027964910129788965,
      "risk": 0.011817295702709929,
      "weights": [
        0.058823603853131776,
        0.058823603853131776,
        0.058823603853131776,
        0.058823603853131776,
        0.058823603853131776,
        0.058823603853131776,
        0.058823603853131776,
        0.058823603853131776,
        0.058823603853131776,
        0.058823603853131776,
        0.058823603853131776,
        0.058823603853131776,
        0.058823603853131776,
        0.058823603853131776,
        0.058823603853131776,
        0.05882233834989146,
        0.058823603853131776
      ]
    },
    {
      "return": 0.0004326508346568529,
      "risk": 0.011820020112191373,
      "weights": [
        0.05878243405165024,
        0.05878243405165024,
        0.05878243405165024,
        0.05878243405165024,
        0.05878243405165024,
        0.05878243405165024,
        0.05878243405165024,
        0.05878243405165024,
        0.05878243405165024,
        0.05878243405165024,
        0.05878243405165024,
        0.05878243405165024,
        0.05878243405165024,
        0.05878243405165024,
        0.05878243405165024,
        0.05948105517359585,
        0.05878243405165024
      ]
    },
    {
      "return": 0.0005856525680158161,
      "risk": 0.011822994473941452,
      "weights": [
        0.058737666408758604,
        0.058737666408758604,
        0.058737666408758604,
        0.058737666408758604,
        0.058737666408758604,
        0.058737666408758604,
        0.058737666408758604,
        0.058737666408758604,
        0.058737666408758604,
        0.058737666408758604,
        0.058737666408758604,
        0.058737666408758604,
        0.058737666408758604,
        0.058737666408758604,
        0.058737666408758604,
        0.06019733745986244,
        0.058737666408758604
      ]
    },
    {
      "return": 0.0007386543013747791,
      "risk": 0.011825978870117722,